{
  "provenance": {
    "dataset": "LG 18650HG2 Li-ion (Kollmeyer et al., 2020)",
    "capacity_Ah": 3.09,
    "temperature_C": 25.0
  },
  "ecm_parameters": {
    "Ri_Ohm": 0.021158,
    "Rd_Ohm": 0.029942,
    "Cd_F": 1619.1303186159907,
    "tau_s": 48.48,
    "voltage_fit_rmse_mV": 16.45407068756817
  },
  "full_rate_ekf": {
    "soc_rmse_percent": 0.8247635455825764,
    "voltage_rmse_mV": 6.475056746167385
  },
  "quasi_static_evaluation": {
    "reduction_percent": 99.64914285714286,
    "soc_rmse_percent": 1.844810502223763e-13,
    "proposed_vs_full_rmse_percent": 0.00013898258245796855
  },
  "dynamic_evaluation": {
    "reduction_percent": 99.65906938569354,
    "case1_pure_soc_rmse_percent": 101.88383204405244,
    "case2_hybrid_soc_rmse_percent": 0.9266122490987917
  },
  "safe_dt_sweep": {
    "delta_t_seconds": [
      1,
      2,
      5,
      10,
      20,
      50,
      100,
      200,
      500,
      1000
    ],
    "static_soc_rmse_percent": [
      3.604092418738587e-10,
      3.3335061375396097e-10,
      2.468050391221422e-10,
      7.403972242054818e-11,
      5.356794675394959e-11,
      8.6163374368542e-12,
      8.017238265165055e-12,
      5.768243964842516e-12,
      2.0007626832417466e-13,
      1.9947073574211668e-13
    ],
    "dynamic_soc_rmse_percent": [
      2.3598776576917952,
      2.076065395585573,
      4.766245549005455,
      7.338119854735019,
      7.967674532172585,
      11.353506398231657,
      12.2077513223045,
      21.872221614753933,
      37.3113988268814,
      35.36488861909348
    ]
  }
}